id,description,image_url,image_web,width,height
8700696,Children in different positions isolated on white background,https://img.freepik.com/free-vector/children-different-positions-isolated-white-background_1308-44427.jpg,https://img.freepik.com/free-vector/children-different-positions-isolated-white-background_1308-44427.jpg,,
4024852,Animation with frame sequence when jumping running,https://img.freepik.com/free-vector/animation-with-frame-sequence-when-jumping-running_1284-15650.jpg,https://img.freepik.com/free-vector/animation-with-frame-sequence-when-jumping-running_1284-15650.jpg,,
10271825,Flat Character Creation Set,https://img.freepik.com/free-vector/flat-character-creation-set_1284-40669.jpg,https://img.freepik.com/free-vector/flat-character-creation-set_1284-40669.jpg,,
4175566,Cartoon character template,https://img.freepik.com/free-vector/cartoon-character-template_52683-4406.jpg,https://img.freepik.com/free-vector/cartoon-character-template_52683-4406.jpg,,
4024837,Set for creation of cartoon businessman,https://img.freepik.com/free-vector/set-creation-cartoon-businessman_1284-15635.jpg,https://img.freepik.com/free-vector/set-creation-cartoon-businessman_1284-15635.jpg,,
7086665,Character poses concept,https://img.freepik.com/free-vector/character-poses-concept_52683-34673.jpg,https://img.freepik.com/free-vector/character-poses-concept_52683-34673.jpg,,
4175458,Cartoon boy character template,https://img.freepik.com/free-vector/cartoon-boy-character-template_52683-4403.jpg,https://img.freepik.com/free-vector/cartoon-boy-character-template_52683-4403.jpg,,
4175557,Cartoon carpenter boy character template,https://img.freepik.com/free-vector/cartoon-carpenter-boy-character-template_52683-4405.jpg,https://img.freepik.com/free-vector/cartoon-carpenter-boy-character-template_52683-4405.jpg,,
4177588,Cartoon character for motion design,https://img.freepik.com/free-vector/cartoon-character-motion-design_52683-5396.jpg,https://img.freepik.com/free-vector/cartoon-character-motion-design_52683-5396.jpg,,
7071875,Character poses illustration concept,https://img.freepik.com/free-vector/character-poses-illustration-concept_52683-34636.jpg,https://img.freepik.com/free-vector/character-poses-illustration-concept_52683-34636.jpg,,
1064893,Character in different styles,https://img.freepik.com/free-vector/character-different-styles_1045-639.jpg,https://img.freepik.com/free-vector/character-different-styles_1045-639.jpg,,
4174764,Cartoon boy character template,https://img.freepik.com/free-vector/cartoon-boy-character-template_52683-4400.jpg,https://img.freepik.com/free-vector/cartoon-boy-character-template_52683-4400.jpg,,
1012308,young woman gestures and concepts group,https://img.freepik.com/free-photo/young-woman-gestures-concepts-group_1194-2351.jpg,https://img.freepik.com/free-photo/young-woman-gestures-concepts-group_1194-2351.jpg,,
4175437,Cartoon carpenter woman character template,https://img.freepik.com/free-vector/cartoon-carpenter-woman-character-template_52683-4408.jpg,https://img.freepik.com/free-vector/cartoon-carpenter-woman-character-template_52683-4408.jpg,,
4149673,Cartoon character template,https://img.freepik.com/free-vector/cartoon-character-template_23-2148107611.jpg,https://img.freepik.com/free-vector/cartoon-character-template_23-2148107611.jpg,,
7011588,Adult character poses illustration,https://img.freepik.com/free-vector/adult-character-poses-illustration_52683-34116.jpg,https://img.freepik.com/free-vector/adult-character-poses-illustration_52683-34116.jpg,,
20082619,Character design ready for animation,https://img.freepik.com/free-vector/character-design-ready-animation_79603-2201.jpg,https://img.freepik.com/free-vector/character-design-ready-animation_79603-2201.jpg,,
985767,Character in red shirt,https://img.freepik.com/free-vector/character-red-shirt_1196-326.jpg,https://img.freepik.com/free-vector/character-red-shirt_1196-326.jpg,,
32080370,Hand drawn animation frames element collection,https://img.freepik.com/free-vector/hand-drawn-animation-frames-element-collection_52683-96902.jpg,https://img.freepik.com/free-vector/hand-drawn-animation-frames-element-collection_52683-96902.jpg,,
4175456,Cartoon businessman character template,https://img.freepik.com/free-vector/cartoon-businessman-character-template_52683-4402.jpg,https://img.freepik.com/free-vector/cartoon-businessman-character-template_52683-4402.jpg,,
4175440,Cartoon man character template,https://img.freepik.com/free-vector/cartoon-man-character-template_52683-5081.jpg,https://img.freepik.com/free-vector/cartoon-man-character-template_52683-5081.jpg,,
7086664,Character poses illustration,https://img.freepik.com/free-vector/character-poses-illustration_52683-34675.jpg,https://img.freepik.com/free-vector/character-poses-illustration_52683-34675.jpg,,
4177592,Cartoon character for motion design,https://img.freepik.com/free-vector/cartoon-character-motion-design_52683-5398.jpg,https://img.freepik.com/free-vector/cartoon-character-motion-design_52683-5398.jpg,,
7071876,Character poses illustration,https://img.freepik.com/free-vector/character-poses-illustration_52683-34637.jpg,https://img.freepik.com/free-vector/character-poses-illustration_52683-34637.jpg,,
4221254,Cartoon character for motion design,https://img.freepik.com/free-vector/cartoon-character-motion-design_52683-6314.jpg,https://img.freepik.com/free-vector/cartoon-character-motion-design_52683-6314.jpg,,
3297813,"Student girl character set with different poses, emotions",https://img.freepik.com/free-vector/student-girl-character-set-with-different-poses-emotions_1262-16611.jpg,https://img.freepik.com/free-vector/student-girl-character-set-with-different-poses-emotions_1262-16611.jpg,,
4221361,Cartoon character for motion design,https://img.freepik.com/free-vector/cartoon-character-motion-design_52683-6331.jpg,https://img.freepik.com/free-vector/cartoon-character-motion-design_52683-6331.jpg,,
7081998,Female creation set with various views,https://img.freepik.com/free-vector/female-creation-set-with-various-views_23-2148462637.jpg,https://img.freepik.com/free-vector/female-creation-set-with-various-views_23-2148462637.jpg,,
6919609,Character poses with bearded man,https://img.freepik.com/free-vector/character-poses-with-bearded-man_23-2148447031.jpg,https://img.freepik.com/free-vector/character-poses-with-bearded-man_23-2148447031.jpg,,
7431568,Character poses illustration,https://img.freepik.com/free-vector/character-poses-illustration_23-2148479601.jpg,https://img.freepik.com/free-vector/character-poses-illustration_23-2148479601.jpg,,
1012177,young woman gestures and concepts group,https://img.freepik.com/free-photo/young-woman-gestures-concepts-group_1194-2256.jpg,https://img.freepik.com/free-photo/young-woman-gestures-concepts-group_1194-2256.jpg,,
4385986,Office male worker character creator constructor elements collection with hands legs heads and accessories isolated,https://img.freepik.com/free-vector/office-male-worker-character-creator-constructor-elements-collection-with-hands-legs-heads-accessories-isolated_1284-20358.jpg,https://img.freepik.com/free-vector/office-male-worker-character-creator-constructor-elements-collection-with-hands-legs-heads-accessories-isolated_1284-20358.jpg,,
7081774,Character poses with worker clothes,https://img.freepik.com/free-vector/character-poses-with-worker-clothes_23-2148458806.jpg,https://img.freepik.com/free-vector/character-poses-with-worker-clothes_23-2148458806.jpg,,
2881137,Student doing different actions,https://img.freepik.com/free-vector/student-doing-different-actions_52683-254.jpg,https://img.freepik.com/free-vector/student-doing-different-actions_52683-254.jpg,,
4149675,Cartoon character template,https://img.freepik.com/free-vector/cartoon-character-template_23-2148107610.jpg,https://img.freepik.com/free-vector/cartoon-character-template_23-2148107610.jpg,,
4221448,Cartoon character for motion design,https://img.freepik.com/free-vector/cartoon-character-motion-design_52683-5935.jpg,https://img.freepik.com/free-vector/cartoon-character-motion-design_52683-5935.jpg,,
31630035,Flat design animation frames element collection,https://img.freepik.com/free-vector/flat-design-animation-frames-element-collection_23-2149681276.jpg,https://img.freepik.com/free-vector/flat-design-animation-frames-element-collection_23-2149681276.jpg,,
3296468,Animated character of teenager in modern outfit,https://img.freepik.com/free-vector/animated-character-teenager-modern-outfit_1262-16238.jpg,https://img.freepik.com/free-vector/animated-character-teenager-modern-outfit_1262-16238.jpg,,
2881077,Businesswoman set with different postures,https://img.freepik.com/free-vector/businesswoman-set-with-different-postures_52683-194.jpg,https://img.freepik.com/free-vector/businesswoman-set-with-different-postures_52683-194.jpg,,
7079825,Male character poses illustration set,https://img.freepik.com/free-vector/male-character-poses-illustration-set_52683-34876.jpg,https://img.freepik.com/free-vector/male-character-poses-illustration-set_52683-34876.jpg,,
4221042,Cartoon character for motion design,https://img.freepik.com/free-vector/cartoon-character-motion-design_52683-6315.jpg,https://img.freepik.com/free-vector/cartoon-character-motion-design_52683-6315.jpg,,
22744300,Seamless and isolated animal pattern cartoon,https://img.freepik.com/free-vector/seamless-isolated-animal-pattern-cartoon_1308-81985.jpg,https://img.freepik.com/free-vector/seamless-isolated-animal-pattern-cartoon_1308-81985.jpg,,
20451161,"Seamless pattern for wallpaper, wrapping isolated on white",https://img.freepik.com/free-vector/seamless-pattern-wallpaper-wrapping-isolated-white_1308-74605.jpg,https://img.freepik.com/free-vector/seamless-pattern-wallpaper-wrapping-isolated-white_1308-74605.jpg,,
4221366,Cartoon character for motion design,https://img.freepik.com/free-vector/cartoon-character-motion-design_52683-6727.jpg,https://img.freepik.com/free-vector/cartoon-character-motion-design_52683-6727.jpg,,
29174623,Creation animated businessman or working people characters template with body path head leg computer for graphic designer use object vector illustration,https://img.freepik.com/free-vector/creation-animated-businessman-working-people-characters-template-with-body-path-head-leg-computer-graphic-designer-use-object-vector-illustration_1150-65646.jpg,https://img.freepik.com/free-vector/creation-animated-businessman-working-people-characters-template-with-body-path-head-leg-computer-graphic-designer-use-object-vector-illustration_1150-65646.jpg,,
5135871,Illustration of young people with different emotions,https://img.freepik.com/free-vector/illustration-young-people-with-different-emotions_23-2148246328.jpg,https://img.freepik.com/free-vector/illustration-young-people-with-different-emotions_23-2148246328.jpg,,
16139732,Collection of ready to animation of female character,https://img.freepik.com/free-vector/collection-ready-animation-female-character_79603-1741.jpg,https://img.freepik.com/free-vector/collection-ready-animation-female-character_79603-1741.jpg,,
4177587,Cartoon character for motion design,https://img.freepik.com/free-vector/cartoon-character-motion-design_52683-5402.jpg,https://img.freepik.com/free-vector/cartoon-character-motion-design_52683-5402.jpg,,
29787631,Girl character for animation side rear front,https://img.freepik.com/free-vector/girl-character-animation-side-rear-front_107791-13747.jpg,https://img.freepik.com/free-vector/girl-character-animation-side-rear-front_107791-13747.jpg,,
22383575,Young woman character for animated Creation people with emotions face animation mouth,https://img.freepik.com/free-vector/young-woman-character-animated-creation-people-with-emotions-face-animation-mouth_40876-2945.jpg,https://img.freepik.com/free-vector/young-woman-character-animated-creation-people-with-emotions-face-animation-mouth_40876-2945.jpg,,
