id,description,image_url,image_web,width,height
8700696,Children in different positions isolated on white background,https://img.freepik.com/free-vector/children-different-positions-isolated-white-background_1308-44427.jpg,https://img.freepik.com/free-vector/children-different-positions-isolated-white-background_1308-44427.jpg,,
4221361,Cartoon character for motion design,https://img.freepik.com/free-vector/cartoon-character-motion-design_52683-6331.jpg,https://img.freepik.com/free-vector/cartoon-character-motion-design_52683-6331.jpg,,
10271825,Flat Character Creation Set,https://img.freepik.com/free-vector/flat-character-creation-set_1284-40669.jpg,https://img.freepik.com/free-vector/flat-character-creation-set_1284-40669.jpg,,
4024837,Set for creation of cartoon businessman,https://img.freepik.com/free-vector/set-creation-cartoon-businessman_1284-15635.jpg,https://img.freepik.com/free-vector/set-creation-cartoon-businessman_1284-15635.jpg,,
4221364,Cartoon character for motion design,https://img.freepik.com/free-vector/cartoon-character-motion-design_52683-6332.jpg,https://img.freepik.com/free-vector/cartoon-character-motion-design_52683-6332.jpg,,
3297813,"Student girl character set with different poses, emotions",https://img.freepik.com/free-vector/student-girl-character-set-with-different-poses-emotions_1262-16611.jpg,https://img.freepik.com/free-vector/student-girl-character-set-with-different-poses-emotions_1262-16611.jpg,,
985767,Character in red shirt,https://img.freepik.com/free-vector/character-red-shirt_1196-326.jpg,https://img.freepik.com/free-vector/character-red-shirt_1196-326.jpg,,
7086665,Character poses concept,https://img.freepik.com/free-vector/character-poses-concept_52683-34673.jpg,https://img.freepik.com/free-vector/character-poses-concept_52683-34673.jpg,,
7071876,Character poses illustration,https://img.freepik.com/free-vector/character-poses-illustration_52683-34637.jpg,https://img.freepik.com/free-vector/character-poses-illustration_52683-34637.jpg,,
4149673,Cartoon character template,https://img.freepik.com/free-vector/cartoon-character-template_23-2148107611.jpg,https://img.freepik.com/free-vector/cartoon-character-template_23-2148107611.jpg,,
4175566,Cartoon character template,https://img.freepik.com/free-vector/cartoon-character-template_52683-4406.jpg,https://img.freepik.com/free-vector/cartoon-character-template_52683-4406.jpg,,
3296468,Animated character of teenager in modern outfit,https://img.freepik.com/free-vector/animated-character-teenager-modern-outfit_1262-16238.jpg,https://img.freepik.com/free-vector/animated-character-teenager-modern-outfit_1262-16238.jpg,,
985768,Character in white t shirt,https://img.freepik.com/free-vector/character-white-t-shirt_1196-327.jpg,https://img.freepik.com/free-vector/character-white-t-shirt_1196-327.jpg,,
4024852,Animation with frame sequence when jumping running,https://img.freepik.com/free-vector/animation-with-frame-sequence-when-jumping-running_1284-15650.jpg,https://img.freepik.com/free-vector/animation-with-frame-sequence-when-jumping-running_1284-15650.jpg,,
4221040,Cartoon character for motion design,https://img.freepik.com/free-vector/cartoon-character-motion-design_52683-6336.jpg,https://img.freepik.com/free-vector/cartoon-character-motion-design_52683-6336.jpg,,
13862498,Cartoon character animation frames set,https://img.freepik.com/free-vector/cartoon-character-animation-frames-set_23-2148955647.jpg,https://img.freepik.com/free-vector/cartoon-character-animation-frames-set_23-2148955647.jpg,,
32080370,Hand drawn animation frames element collection,https://img.freepik.com/free-vector/hand-drawn-animation-frames-element-collection_52683-96902.jpg,https://img.freepik.com/free-vector/hand-drawn-animation-frames-element-collection_52683-96902.jpg,,
1064893,Character in different styles,https://img.freepik.com/free-vector/character-different-styles_1045-639.jpg,https://img.freepik.com/free-vector/character-different-styles_1045-639.jpg,,
33062165,3d woman character in different angles view,https://img.freepik.com/free-photo/3d-woman-character-different-angles-view_107791-15669.jpg,https://img.freepik.com/free-photo/3d-woman-character-different-angles-view_107791-15669.jpg,,
4174764,Cartoon boy character template,https://img.freepik.com/free-vector/cartoon-boy-character-template_52683-4400.jpg,https://img.freepik.com/free-vector/cartoon-boy-character-template_52683-4400.jpg,,
7086664,Character poses illustration,https://img.freepik.com/free-vector/character-poses-illustration_52683-34675.jpg,https://img.freepik.com/free-vector/character-poses-illustration_52683-34675.jpg,,
4177588,Cartoon character for motion design,https://img.freepik.com/free-vector/cartoon-character-motion-design_52683-5396.jpg,https://img.freepik.com/free-vector/cartoon-character-motion-design_52683-5396.jpg,,
1066818,Animation of a child running,https://img.freepik.com/free-vector/animation-child-running_1196-508.jpg,https://img.freepik.com/free-vector/animation-child-running_1196-508.jpg,,
1282875,Woman characters with different dresses and hairstyles,https://img.freepik.com/free-vector/woman-characters-with-different-dresses-hairstyles_1196-665.jpg,https://img.freepik.com/free-vector/woman-characters-with-different-dresses-hairstyles_1196-665.jpg,,
29787631,Girl character for animation side rear front,https://img.freepik.com/free-vector/girl-character-animation-side-rear-front_107791-13747.jpg,https://img.freepik.com/free-vector/girl-character-animation-side-rear-front_107791-13747.jpg,,
33591464,Hand drawn animation frames element collection,https://img.freepik.com/free-vector/hand-drawn-animation-frames-element-collection_23-2149845056.jpg,https://img.freepik.com/free-vector/hand-drawn-animation-frames-element-collection_23-2149845056.jpg,,
4175437,Cartoon carpenter woman character template,https://img.freepik.com/free-vector/cartoon-carpenter-woman-character-template_52683-4408.jpg,https://img.freepik.com/free-vector/cartoon-carpenter-woman-character-template_52683-4408.jpg,,
19734575,Set of girl scout in different action,https://img.freepik.com/free-vector/set-girl-scout-different-action_1308-73153.jpg,https://img.freepik.com/free-vector/set-girl-scout-different-action_1308-73153.jpg,,
6919609,Character poses with bearded man,https://img.freepik.com/free-vector/character-poses-with-bearded-man_23-2148447031.jpg,https://img.freepik.com/free-vector/character-poses-with-bearded-man_23-2148447031.jpg,,
32080366,Hand drawn animation frames element collection,https://img.freepik.com/free-vector/hand-drawn-animation-frames-element-collection_52683-96905.jpg,https://img.freepik.com/free-vector/hand-drawn-animation-frames-element-collection_52683-96905.jpg,,
22744300,Seamless and isolated animal pattern cartoon,https://img.freepik.com/free-vector/seamless-isolated-animal-pattern-cartoon_1308-81985.jpg,https://img.freepik.com/free-vector/seamless-isolated-animal-pattern-cartoon_1308-81985.jpg,,
13862506,Flat design character animation frames,https://img.freepik.com/free-vector/flat-design-character-animation-frames_23-2148951654.jpg,https://img.freepik.com/free-vector/flat-design-character-animation-frames_23-2148951654.jpg,,
7071875,Character poses illustration concept,https://img.freepik.com/free-vector/character-poses-illustration-concept_52683-34636.jpg,https://img.freepik.com/free-vector/character-poses-illustration-concept_52683-34636.jpg,,
4149675,Cartoon character template,https://img.freepik.com/free-vector/cartoon-character-template_23-2148107610.jpg,https://img.freepik.com/free-vector/cartoon-character-template_23-2148107610.jpg,,
4175565,Cartoon boy character template,https://img.freepik.com/free-vector/cartoon-boy-character-template_52683-5085.jpg,https://img.freepik.com/free-vector/cartoon-boy-character-template_52683-5085.jpg,,
18988106,Seamless design pattern isolated on white,https://img.freepik.com/free-vector/seamless-design-pattern-isolated-white_1308-69023.jpg,https://img.freepik.com/free-vector/seamless-design-pattern-isolated-white_1308-69023.jpg,,
7081998,Female creation set with various views,https://img.freepik.com/free-vector/female-creation-set-with-various-views_23-2148462637.jpg,https://img.freepik.com/free-vector/female-creation-set-with-various-views_23-2148462637.jpg,,
5366376,Girl with different facial expressions,https://img.freepik.com/free-vector/girl-with-different-facial-expressions_1308-33359.jpg,https://img.freepik.com/free-vector/girl-with-different-facial-expressions_1308-33359.jpg,,
7011588,Adult character poses illustration,https://img.freepik.com/free-vector/adult-character-poses-illustration_52683-34116.jpg,https://img.freepik.com/free-vector/adult-character-poses-illustration_52683-34116.jpg,,
1012177,young woman gestures and concepts group,https://img.freepik.com/free-photo/young-woman-gestures-concepts-group_1194-2256.jpg,https://img.freepik.com/free-photo/young-woman-gestures-concepts-group_1194-2256.jpg,,
2611846,Diversity Community People,https://img.freepik.com/free-vector/diversity-community-people_53876-6482.jpg,https://img.freepik.com/free-vector/diversity-community-people_53876-6482.jpg,,
7431568,Character poses illustration,https://img.freepik.com/free-vector/character-poses-illustration_23-2148479601.jpg,https://img.freepik.com/free-vector/character-poses-illustration_23-2148479601.jpg,,
4221252,Cartoon character for motion design,https://img.freepik.com/free-vector/cartoon-character-motion-design_52683-6334.jpg,https://img.freepik.com/free-vector/cartoon-character-motion-design_52683-6334.jpg,,
4221254,Cartoon character for motion design,https://img.freepik.com/free-vector/cartoon-character-motion-design_52683-6314.jpg,https://img.freepik.com/free-vector/cartoon-character-motion-design_52683-6314.jpg,,
4221047,Cartoon character for motion design,https://img.freepik.com/free-vector/cartoon-character-motion-design_52683-6335.jpg,https://img.freepik.com/free-vector/cartoon-character-motion-design_52683-6335.jpg,,
4177590,Cartoon character for motion design,https://img.freepik.com/free-vector/cartoon-character-motion-design_52683-5397.jpg,https://img.freepik.com/free-vector/cartoon-character-motion-design_52683-5397.jpg,,
4175458,Cartoon boy character template,https://img.freepik.com/free-vector/cartoon-boy-character-template_52683-4403.jpg,https://img.freepik.com/free-vector/cartoon-boy-character-template_52683-4403.jpg,,
7081774,Character poses with worker clothes,https://img.freepik.com/free-vector/character-poses-with-worker-clothes_23-2148458806.jpg,https://img.freepik.com/free-vector/character-poses-with-worker-clothes_23-2148458806.jpg,,
30497678,Woman character for animation side rear front,https://img.freepik.com/free-vector/woman-character-animation-side-rear-front_107791-14109.jpg,https://img.freepik.com/free-vector/woman-character-animation-side-rear-front_107791-14109.jpg,,
932707,Hipster character with fantastic accessories,https://img.freepik.com/free-vector/hipster-character-with-fantastic-accessories_1045-129.jpg,https://img.freepik.com/free-vector/hipster-character-with-fantastic-accessories_1045-129.jpg,,
